{
  "themeModelDataItems": [
    {
      "MissionExhibitName": "13",
      "IsMissionExhibitComplete": true,
      "MissionExhibitInitTime": "2023-11-03T13:31:41.499542+08:00",
      "MissionExhibitEndTime": "2023-11-03T13:32:25.834859+08:00"
    },
    {
      "MissionExhibitName": "59",
      "IsMissionExhibitComplete": true,
      "MissionExhibitInitTime": "2023-11-03T13:34:50.419306+08:00",
      "MissionExhibitEndTime": "2023-11-03T13:36:40.858361+08:00"
    },
    {
      "MissionExhibitName": "07",
      "IsMissionExhibitComplete": true,
      "MissionExhibitInitTime": "2023-11-03T13:36:44.827936+08:00",
      "MissionExhibitEndTime": "2023-11-03T13:43:22.651307+08:00"
    },
    {
      "MissionExhibitName": "08",
      "IsMissionExhibitComplete": true,
      "MissionExhibitInitTime": "2023-11-03T13:36:46.512169+08:00",
      "MissionExhibitEndTime": "2023-11-03T13:43:30.453341+08:00"
    },
    {
      "MissionExhibitName": "44",
      "IsMissionExhibitComplete": true,
      "MissionExhibitInitTime": "2023-11-03T13:28:43.034698+08:00",
      "MissionExhibitEndTime": "2023-11-03T13:31:20.459398+08:00"
    }
  ]
}